{"count":1,"gauges":{"PenguinLearning.CumulativeReward":{"count":50,"max":9.760866,"min":7.580308,"value":7.7918725,"weightedAverage":7.756478}},"self":42.4541568,"total":46.8435341,"children":{"AgentSendState":{"count":2306,"self":0.37972659999999997,"total":0.6378594,"children":{"CollectObservations":{"count":22083,"self":0.2581328,"total":0.2581328,"children":null}}},"DecideAction":{"count":2306,"self":2.4496072,"total":3.3377714,"children":{"RayPerceptionSensor.Perceive":{"count":22083,"self":0.8881642,"total":0.8881642,"children":null}}},"AgentAct":{"count":2306,"self":0.4127471,"total":0.4127471,"children":null}}}