{"count":1,"gauges":{"PenguinLearning.CumulativeReward":{"count":48,"max":3.00006533,"min":-0.99994123,"value":1.00009418,"weightedAverage":0.4162246}},"self":9.1661808,"total":37.835826999999995,"children":{"AgentSendState":{"count":6301,"self":1.7528496,"total":7.1207987999999993,"children":{"CollectObservations":{"count":60481,"self":0.5976205,"total":0.5976205,"children":null},"AgentInfo.ToProto":{"count":60481,"self":1.0416277999999999,"total":4.7703286999999994,"children":{"GenerateSensorData":{"count":60481,"self":1.4382188999999999,"total":3.7287008999999998,"children":{"RayPerceptionSensor.Perceive":{"count":60481,"self":2.290482,"total":2.290482,"children":null}}}}}}},"DecideAction":{"count":6301,"self":20.7840016,"total":20.7840013,"children":null},"AgentAct":{"count":6301,"self":0.7593437,"total":0.7638465,"children":{"AgentInfo.ToProto":{"count":48,"self":0.0010008999999999999,"total":0.0045027999999999995,"children":{"GenerateSensorData":{"count":48,"self":0.0005002,"total":0.0035018999999999996,"children":{"RayPerceptionSensor.Perceive":{"count":48,"self":0.0030017,"total":0.0030017,"children":null}}}}}}}}}