{"cameraMode":{"drawMode":0,"name":"Shaded","section":"Shading Mode"},"sceneLighting":false,"audioPlay":false,"sceneViewState":{"showFog":true,"showMaterialUpdate":false,"showSkybox":false,"showFlares":true,"showImageEffects":true,"showParticleSystems":true},"in2DMode":false,"pivot":{"x":8.39980411529541,"y":-8.958815574645996,"z":16.468820571899415},"rotation":{"x":-0.20995214581489564,"y":-0.3777481019496918,"z":0.0883714035153389,"w":-0.897452175617218},"size":16.626853942871095,"orthographic":false}